stage,method,target_bitrate_kbps,actual_bitrate_kbps,sigma,video,seed,psnr,ssim,vmaf,msssim,epsnr,psnrb,gbim,mepr,strred
pre_x264,noisy,,,0,test_5frames,42,inf,1.0,97.767979,1.0,148.13080360867912,148.13080360867912,6.6346282593375605,0.9999999997294224,0.0
pre_x264,hqdn3d,,,0,test_5frames,42,53.892998,0.999692,97.131943,0.999807,48.44439572192852,55.34914422882643,6.636432220879895,0.840533886050172,0.11070073015665835
pre_x264,dwt,,,0,test_5frames,42,52.151613,0.999476,97.477516,0.9999,47.870859856374956,49.23112207591886,6.6794890558408015,0.6939466931301785,0.27101676289555765
pre_x264,gaussian,,,0,test_5frames,42,28.439171,0.919188,57.172499,0.986016,18.818915926239026,26.06985690138016,3.287207162992047,0.9901123808815271,1.7691247051685246
pre_x264,prop,,,0,test_5frames,42,56.529131,0.999906,98.064144,0.999974,61.54741391123738,57.74451033695128,6.636073609852678,0.996935965428542,0.06186341655383161
post_x264,base,100,210.143,0,test_5frames,42,33.719614,0.964251,82.807816,0.992298,25.612960789734835,32.534321365393296,6.714758129467432,0.8102814895154162,2.1295633413646
post_x264,gaussian,100,208.847,0,test_5frames,42,27.547906,0.89636,45.855453,0.973691,18.478912213586,25.417816137798447,4.308601253397766,0.8644609836273112,2.755377045223489
post_x264,prop,100,207.791,0,test_5frames,42,33.623152,0.963417,82.410856,0.991887,25.565980967873266,32.47278885641441,6.725104575656902,0.8202990198663889,2.2147807550067076
